{"cameraMode":{"drawMode":0,"name":"Shaded","section":"Shading Mode"},"sceneLighting":true,"audioPlay":false,"sceneViewState":{"m_AlwaysRefresh":false,"showFog":true,"showSkybox":true,"showFlares":true,"showImageEffects":true,"showParticleSystems":true,"showVisualEffectGraphs":true,"m_FxEnabled":true},"in2DMode":false,"pivot":{"x":5.831826210021973,"y":0.576866626739502,"z":3.6853625774383547},"rotation":{"x":0.17944033443927766,"y":0.5440252423286438,"z":-0.12040363252162934,"w":0.8107691407203674},"size":2.8219714164733888,"orthographic":false}